{
  "date": "2023-03-07T16:43:30.726Z",
  "title": "Desperte o mulherão que existe em você.",
  "thumbnail": "/img/uploads/photo-2022-04-20-17-56-08-1.jpg",
  "description": "08 de março: Dia Internacional da Mulher",
  "meta_title": "Desperte o mulherão que existe em você.",
  "body": "**Mulher... sua beleza é única. Você é forte, independente, e a mesmo tempo, delicada, frágil. E é esta a combinação perfeita. Seus dias são alucinantes: mãe, esposa, empresária, várias faces de um ser único. Perfeita e naturalmente, linda.**",
  "sections": [
    {
      "type": "blog-post",
      "enabled": true
    },
    {
      "type": "breadcrumbs",
      "enabled": true
    },
    {
      "type": "blog",
      "enabled": true
    }
  ]
}