{
  "youtube": "",
  "facebook": "https://www.facebook.com/elencostacessorios",
  "phone": "42999780816",
  "doc_number": "43.838.231/0001-81",
  "whatsapp": "(42) 9 9978-0816",
  "instagram": "https://www.instagram.com/elencostacessorios/",
  "twitter": "",
  "address": "Rua Alvorada do Sul, 370, Bonsucesso, Ponta Grossa, Paraná",
  "tiktok": "https://www.tiktok.com/@elencostacessorios",
  "pinterest": "",
  "email": "contatoelencosta@gmail.com",
  "linkedin": "https://www.linkedin.com/in/elencostacessorios/"
}