{
  "description": {
    "title": "Elen Costa Acessórios de Luxo®",
    "text": "Desperte o mulherão que existe em você"
  },
  "links_1": {
    "list_pages": true,
    "title": "Quem Somos",
    "list": []
  },
  "links_2": {
    "list_categories": false,
    "title": "",
    "list": []
  },
  "contacts": {
    "title": "Central de Atendimento",
    "phone_wpp": true,
    "socials": true,
    "email": true,
    "address": true
  },
  "stamps": [
    {
      "src": "/img/uploads/ssl-safe.png",
      "alt": "Secure connection"
    }
  ],
  "payment_methods": {
    "bb": false,
    "visa": true,
    "boleto": false,
    "aura": false,
    "banrisul": false,
    "elo": true,
    "hipercard": true,
    "hsbc": false,
    "bradesco": false,
    "santander": false,
    "mastercard": true,
    "citibank": false,
    "hiper": true,
    "mais": false,
    "pix": true,
    "itau": false
  },
  "credits": "Todos os direitos reservados Elen Costa® Acessórios de Luxo 2023 - 2033 CNPJ 43.838.231/0001-81"
}