{
  "marketing_stripe": {
    "text": "FRETE GRÁTIS PARA COMPRAS A PARTIR DE R$ 600,00                ",
    "link": "",
    "background": "#0abab5",
    "color": "#000000"
  },
  "contacts_stripe": {
    "pages": [
      {
        "title": "ELEN COSTA®. QUEM SOMOS?",
        "link": "/pages/sobre-nos"
      }
    ],
    "phone_wpp": true,
    "socials": true
  },
  "categories_list": {
    "featured": [
      "/anel?ANEL",
      "/brinco?BRINCO",
      "/colar?COLAR ",
      "/conjunto?CONJUNTO",
      "/pulseira?PULSEIRA",
      "/cabelos?CABELOS"
    ],
    "random": 8,
    "full_width": true
  },
  "desktop_megamenu": true,
  "search_input": true,
  "alphabetical_order_submenu": true,
  "full_width_submenu": true
}