{
  "meta_title": "Elen Costa Acessórios de Luxo®",
  "meta_description": "semijoias, acessórios, alta bijuteria",
  "sections": [
    {
      "type": "banner-slider",
      "autoplay": 9000,
      "full_width": true,
      "slides": [
        {
          "start": "2023-07-27T19:26:02.906Z",
          "end": "2024-02-02T03:00:00.000Z",
          "img": "/img/uploads/frete-gratis-pronto.jpg",
          "mobile_img": "/img/uploads/frete-gratis-pronto.jpg"
        },
        {
          "start": "",
          "end": "2024-01-13T03:00:00.000Z",
          "img": "/img/uploads/cupom-2.jpg",
          "mobile_img": "/img/uploads/cupom-2.jpg"
        }
      ]
    },
    {
      "page": 1,
      "title": "Lançamentos",
      "shuffle": true,
      "headless": false,
      "type": "collection-shelf",
      "link": "Lançamentos",
      "limit": 12,
      "collection_id": null,
      "sort": "news"
    },
    {
      "type": "info-bar",
      "enabled": true
    },
    {
      "type": "breadcrumbs",
      "enabled": true
    },
    {
      "type": "blog",
      "enabled": true
    }
  ]
}