{
  "shipping": {
    "show": true,
    "text": "Entregamos para todo o Brasil",
    "title": "Frete grátis em compras a partir de R$ 600,00"
  },
  "installments": {
    "show": true,
    "text": "Parcele em até 3 x sem juros",
    "title": "Compre no cartão de crédito"
  },
  "exchange": {
    "show": true,
    "text": "A primeira troca é gratuita",
    "title": "Primeira troca grátis"
  },
  "promo": {
    "show": true,
    "text": "10% off em sua primeira compra com o cupom BEMVINDA10       ",
    "title": "Cupom presente"
  }
}